domains_clean,embedded_domains,embedded_domains
accelerationlab.upenn.edu,healthcareinnovation.upenn.edu,3
almanac.upenn.edu,gse.upenn.edu,3
almanac.upenn.edu,nursing.upenn.edu,3
bakerretail.wharton.upenn.edu,executiveeducation.wharton.upenn.edu,2
bakerretail.wharton.upenn.edu,executivemba.wharton.upenn.edu,1
bakerretail.wharton.upenn.edu,globalyouth.wharton.upenn.edu,1
bakerretail.wharton.upenn.edu,knowledge.wharton.upenn.edu,2
bakerretail.wharton.upenn.edu,magazine.wharton.upenn.edu,1
bakerretail.wharton.upenn.edu,mba.wharton.upenn.edu,1
bakerretail.wharton.upenn.edu,online.wharton.upenn.edu,2
bakerretail.wharton.upenn.edu,wharton.upenn.edu,10
dental.upenn.edu,library.upenn.edu,4
dental.upenn.edu,penntoday.upenn.edu,4
dental.upenn.edu,seas.upenn.edu,2
eent.seas.upenn.edu,seas.upenn.edu,3
executiveeducation.wharton.upenn.edu,executivemba.wharton.upenn.edu,17
executiveeducation.wharton.upenn.edu,knowledge.wharton.upenn.edu,17
executiveeducation.wharton.upenn.edu,mba.wharton.upenn.edu,17
executiveeducation.wharton.upenn.edu,online.wharton.upenn.edu,17
executiveeducation.wharton.upenn.edu,wharton.upenn.edu,119
executiveeducation.wharton.upenn.edu,wsp.wharton.upenn.edu,2
executivemba.wharton.upenn.edu,executiveeducation.wharton.upenn.edu,2
executivemba.wharton.upenn.edu,globalyouth.wharton.upenn.edu,1
executivemba.wharton.upenn.edu,knowledge.wharton.upenn.edu,2
executivemba.wharton.upenn.edu,mba.wharton.upenn.edu,1
executivemba.wharton.upenn.edu,online.wharton.upenn.edu,2
executivemba.wharton.upenn.edu,wharton.upenn.edu,13
globalyouth.wharton.upenn.edu,executiveeducation.wharton.upenn.edu,6
globalyouth.wharton.upenn.edu,executivemba.wharton.upenn.edu,3
globalyouth.wharton.upenn.edu,knowledge.wharton.upenn.edu,7
globalyouth.wharton.upenn.edu,mackinstitute.wharton.upenn.edu,1
globalyouth.wharton.upenn.edu,mba.wharton.upenn.edu,3
globalyouth.wharton.upenn.edu,online.wharton.upenn.edu,6
globalyouth.wharton.upenn.edu,wharton.upenn.edu,30
gse.upenn.edu,library.upenn.edu,7
gutmann-archived.president.upenn.edu,asc.upenn.edu,1
gutmann-archived.president.upenn.edu,healthcareinnovation.upenn.edu,1
gutmann-archived.president.upenn.edu,mackinstitute.wharton.upenn.edu,1
gutmann-archived.president.upenn.edu,med.upenn.edu,2
gutmann-archived.president.upenn.edu,nano.upenn.edu,1
gutmann-archived.president.upenn.edu,nursing.upenn.edu,1
gutmann-archived.president.upenn.edu,pci.upenn.edu,1
gutmann-archived.president.upenn.edu,pennovation.upenn.edu,2
gutmann-archived.president.upenn.edu,pennpip.upenn.edu,1
gutmann-archived.president.upenn.edu,penntoday.upenn.edu,2
gutmann-archived.president.upenn.edu,seas.upenn.edu,1
gutmann-archived.president.upenn.edu,vet.upenn.edu,1
healthcareinnovation.upenn.edu,accelerationlab.upenn.edu,28
healthcareinnovation.upenn.edu,improvinghealthcare.mehp.upenn.edu,1
healthcareinnovation.upenn.edu,pc3i.upenn.edu,1
healthtech.upenn.edu,chop.edu,1
healthtech.upenn.edu,healthcareinnovation.upenn.edu,1
healthtech.upenn.edu,research.upenn.edu,1
healthtech.upenn.edu,seas.upenn.edu,1
impact.upenn.edu,pennovation.upenn.edu,2
impact.upenn.edu,sp2.upenn.edu,2
improvinghealthcare.mehp.upenn.edu,med.upenn.edu,2
injury.research.chop.edu,chop.edu,7
itmat.upenn.edu,med.upenn.edu,4
itmat.upenn.edu,penntoday.upenn.edu,2
knowledge.wharton.upenn.edu,executiveeducation.wharton.upenn.edu,4
knowledge.wharton.upenn.edu,globalyouth.wharton.upenn.edu,1
knowledge.wharton.upenn.edu,mackinstitute.wharton.upenn.edu,8
knowledge.wharton.upenn.edu,mgmt.wharton.upenn.edu,11
knowledge.wharton.upenn.edu,seas.upenn.edu,2
knowledge.wharton.upenn.edu,socialimpact.wharton.upenn.edu,2
knowledge.wharton.upenn.edu,wharton.upenn.edu,400
knowledge.wharton.upenn.edu,wsp.wharton.upenn.edu,401
law.upenn.edu,scholarship.law.upenn.edu,7
library.upenn.edu,law.upenn.edu,1
mackinstitute.wharton.upenn.edu,executiveeducation.wharton.upenn.edu,82
mackinstitute.wharton.upenn.edu,executivemba.wharton.upenn.edu,41
mackinstitute.wharton.upenn.edu,globalyouth.wharton.upenn.edu,41
mackinstitute.wharton.upenn.edu,healthcareinnovation.upenn.edu,1
mackinstitute.wharton.upenn.edu,knowledge.wharton.upenn.edu,83
mackinstitute.wharton.upenn.edu,mba.wharton.upenn.edu,41
mackinstitute.wharton.upenn.edu,mgmt.wharton.upenn.edu,2
mackinstitute.wharton.upenn.edu,online.wharton.upenn.edu,82
mackinstitute.wharton.upenn.edu,pvmi.wharton.upenn.edu,2
mackinstitute.wharton.upenn.edu,wharton.upenn.edu,411
mackinstitute.wharton.upenn.edu,wsp.wharton.upenn.edu,13
magazine.wharton.upenn.edu,mackinstitute.wharton.upenn.edu,1
magazine.wharton.upenn.edu,oid.wharton.upenn.edu,1
magazine.wharton.upenn.edu,wharton.upenn.edu,2
mba.wharton.upenn.edu,executiveeducation.wharton.upenn.edu,2
mba.wharton.upenn.edu,executivemba.wharton.upenn.edu,1
mba.wharton.upenn.edu,globalyouth.wharton.upenn.edu,1
mba.wharton.upenn.edu,knowledge.wharton.upenn.edu,2
mba.wharton.upenn.edu,online.wharton.upenn.edu,2
mba.wharton.upenn.edu,wharton.upenn.edu,10
med.upenn.edu,healthcareinnovation.upenn.edu,1
med.upenn.edu,pci.upenn.edu,1
medicalethicshealthpolicy.med.upenn.edu,improvinghealthcare.mehp.upenn.edu,1
mgmt.wharton.upenn.edu,executiveeducation.wharton.upenn.edu,6
mgmt.wharton.upenn.edu,executivemba.wharton.upenn.edu,3
mgmt.wharton.upenn.edu,globalyouth.wharton.upenn.edu,3
mgmt.wharton.upenn.edu,knowledge.wharton.upenn.edu,6
mgmt.wharton.upenn.edu,mba.wharton.upenn.edu,4
mgmt.wharton.upenn.edu,oid.wharton.upenn.edu,3
mgmt.wharton.upenn.edu,online.wharton.upenn.edu,6
mgmt.wharton.upenn.edu,wharton.upenn.edu,30
nano.upenn.edu,sas.upenn.edu,1
nano.upenn.edu,seas.upenn.edu,1
nursing.upenn.edu,None,3
nursing.upenn.edu,asc.upenn.edu,1
nursing.upenn.edu,chop.edu,1
nursing.upenn.edu,ldi.upenn.edu,1
nursing.upenn.edu,med.upenn.edu,2
nursing.upenn.edu,pennpip.upenn.edu,1
oid.wharton.upenn.edu,executiveeducation.wharton.upenn.edu,2
oid.wharton.upenn.edu,executivemba.wharton.upenn.edu,1
oid.wharton.upenn.edu,globalyouth.wharton.upenn.edu,1
oid.wharton.upenn.edu,knowledge.wharton.upenn.edu,11
oid.wharton.upenn.edu,magazine.wharton.upenn.edu,1
oid.wharton.upenn.edu,mba.wharton.upenn.edu,1
oid.wharton.upenn.edu,online.wharton.upenn.edu,2
oid.wharton.upenn.edu,wharton.upenn.edu,10
online.wharton.upenn.edu,executiveeducation.wharton.upenn.edu,2
online.wharton.upenn.edu,executivemba.wharton.upenn.edu,1
online.wharton.upenn.edu,globalyouth.wharton.upenn.edu,1
online.wharton.upenn.edu,knowledge.wharton.upenn.edu,2
online.wharton.upenn.edu,mba.wharton.upenn.edu,1
online.wharton.upenn.edu,wharton.upenn.edu,10
pathology.med.upenn.edu,med.upenn.edu,2
pci.upenn.edu,healthcareinnovation.upenn.edu,1
pci.upenn.edu,nano.upenn.edu,1
pci.upenn.edu,nursing.upenn.edu,1
pci.upenn.edu,pennpip.upenn.edu,2
pci.upenn.edu,penntoday.upenn.edu,3
pci.upenn.edu,repository.upenn.edu,1
pci.upenn.edu,rnainnovation.med.upenn.edu,2
pci.upenn.edu,seas.upenn.edu,1
pennpip.upenn.edu,penntoday.upenn.edu,1
pennpstar.org,nursing.upenn.edu,1
penntoday.upenn.edu,asc.upenn.edu,3
penntoday.upenn.edu,bakerretail.wharton.upenn.edu,1
penntoday.upenn.edu,chop.edu,1
penntoday.upenn.edu,dental.upenn.edu,3
penntoday.upenn.edu,design.upenn.edu,3
penntoday.upenn.edu,globalyouth.wharton.upenn.edu,8
penntoday.upenn.edu,grasp.upenn.edu,4
penntoday.upenn.edu,gse.upenn.edu,4
penntoday.upenn.edu,healthtech.upenn.edu,1
penntoday.upenn.edu,knowledge.wharton.upenn.edu,1
penntoday.upenn.edu,library.upenn.edu,1
penntoday.upenn.edu,med.upenn.edu,18
penntoday.upenn.edu,medicalethicshealthpolicy.med.upenn.edu,2
penntoday.upenn.edu,mgmt.wharton.upenn.edu,1
penntoday.upenn.edu,nursing.upenn.edu,1
penntoday.upenn.edu,oid.wharton.upenn.edu,2
penntoday.upenn.edu,pathology.med.upenn.edu,1
penntoday.upenn.edu,pci.upenn.edu,27
penntoday.upenn.edu,pennovation.upenn.edu,18
penntoday.upenn.edu,pennpip.upenn.edu,2
penntoday.upenn.edu,research.upenn.edu,1
penntoday.upenn.edu,rnainnovation.med.upenn.edu,1
penntoday.upenn.edu,sas.upenn.edu,2
penntoday.upenn.edu,seas.upenn.edu,7
penntoday.upenn.edu,stevenscenter.wharton.upenn.edu,1
penntoday.upenn.edu,vet.upenn.edu,23
penntoday.upenn.edu,wharton.upenn.edu,2
pvmi.wharton.upenn.edu,executiveeducation.wharton.upenn.edu,2
pvmi.wharton.upenn.edu,executivemba.wharton.upenn.edu,1
pvmi.wharton.upenn.edu,globalyouth.wharton.upenn.edu,1
pvmi.wharton.upenn.edu,knowledge.wharton.upenn.edu,2
pvmi.wharton.upenn.edu,mackinstitute.wharton.upenn.edu,3
pvmi.wharton.upenn.edu,mba.wharton.upenn.edu,1
pvmi.wharton.upenn.edu,online.wharton.upenn.edu,2
pvmi.wharton.upenn.edu,wharton.upenn.edu,10
repository.upenn.edu,None,4
repository.upenn.edu,library.upenn.edu,15
repository.upenn.edu,mgmt.wharton.upenn.edu,1
repository.upenn.edu,oid.wharton.upenn.edu,1
repository.upenn.edu,scholarship.law.upenn.edu,5
research.seas.upenn.edu,eent.seas.upenn.edu,1
research.seas.upenn.edu,pci.upenn.edu,2
research.seas.upenn.edu,pennovation.upenn.edu,1
research.seas.upenn.edu,pennpip.upenn.edu,1
research.seas.upenn.edu,seas.upenn.edu,4
research.seas.upenn.edu,yprize.upenn.edu,1
research.upenn.edu,asc.upenn.edu,9
research.upenn.edu,cemb.upenn.edu,1
research.upenn.edu,dental.upenn.edu,3
research.upenn.edu,design.upenn.edu,9
research.upenn.edu,grasp.upenn.edu,1
research.upenn.edu,gse.upenn.edu,6
research.upenn.edu,healthtech.upenn.edu,1
research.upenn.edu,impact.upenn.edu,1
research.upenn.edu,itmat.upenn.edu,1
research.upenn.edu,law.upenn.edu,13
research.upenn.edu,ldi.upenn.edu,2
research.upenn.edu,mackinstitute.wharton.upenn.edu,1
research.upenn.edu,med.upenn.edu,27
research.upenn.edu,medicalethicshealthpolicy.med.upenn.edu,1
research.upenn.edu,nano.upenn.edu,1
research.upenn.edu,nursing.upenn.edu,7
research.upenn.edu,pci.upenn.edu,5
research.upenn.edu,penniur.upenn.edu,3
research.upenn.edu,pennovation.upenn.edu,1
research.upenn.edu,penntoday.upenn.edu,5
research.upenn.edu,sas.upenn.edu,7
research.upenn.edu,seas.upenn.edu,4
research.upenn.edu,sp2.upenn.edu,5
research.upenn.edu,vet.upenn.edu,13
research.upenn.edu,wharton.upenn.edu,5
research.upenn.edu,wrds-wharton.upenn.edu,1
rnainnovation.med.upenn.edu,med.upenn.edu,2
rnainnovation.med.upenn.edu,penntoday.upenn.edu,1
sas.upenn.edu,library.upenn.edu,1
sas.upenn.edu,penntoday.upenn.edu,1
scholarship.law.upenn.edu,None,1
scholarship.law.upenn.edu,law.upenn.edu,15
seas.upenn.edu,penntoday.upenn.edu,1
seas.upenn.edu,research.seas.upenn.edu,4
socialimpact.wharton.upenn.edu,executiveeducation.wharton.upenn.edu,2
socialimpact.wharton.upenn.edu,executivemba.wharton.upenn.edu,1
socialimpact.wharton.upenn.edu,globalyouth.wharton.upenn.edu,1
socialimpact.wharton.upenn.edu,knowledge.wharton.upenn.edu,2
socialimpact.wharton.upenn.edu,mba.wharton.upenn.edu,1
socialimpact.wharton.upenn.edu,online.wharton.upenn.edu,2
socialimpact.wharton.upenn.edu,wharton.upenn.edu,10
sp2.upenn.edu,impact.upenn.edu,1
stevenscenter.wharton.upenn.edu,executiveeducation.wharton.upenn.edu,6
stevenscenter.wharton.upenn.edu,executivemba.wharton.upenn.edu,3
stevenscenter.wharton.upenn.edu,globalyouth.wharton.upenn.edu,3
stevenscenter.wharton.upenn.edu,knowledge.wharton.upenn.edu,6
stevenscenter.wharton.upenn.edu,mba.wharton.upenn.edu,3
stevenscenter.wharton.upenn.edu,online.wharton.upenn.edu,6
stevenscenter.wharton.upenn.edu,wharton.upenn.edu,30
venturelab.upenn.edu,mgmt.wharton.upenn.edu,12
venturelab.upenn.edu,seas.upenn.edu,4
venturelab.upenn.edu,wharton.upenn.edu,4
vet.upenn.edu,library.upenn.edu,1
wharton.upenn.edu,executiveeducation.wharton.upenn.edu,10
wharton.upenn.edu,executivemba.wharton.upenn.edu,4
wharton.upenn.edu,globalyouth.wharton.upenn.edu,8
wharton.upenn.edu,knowledge.wharton.upenn.edu,12
wharton.upenn.edu,mackinstitute.wharton.upenn.edu,1
wharton.upenn.edu,mba.wharton.upenn.edu,4
wharton.upenn.edu,mgmt.wharton.upenn.edu,4
wharton.upenn.edu,online.wharton.upenn.edu,8
wharton.upenn.edu,wsp.wharton.upenn.edu,3
wrds-wharton.upenn.edu,executiveeducation.wharton.upenn.edu,1
wrds-wharton.upenn.edu,executivemba.wharton.upenn.edu,1
wrds-wharton.upenn.edu,mba.wharton.upenn.edu,1
wrds-wharton.upenn.edu,wharton.upenn.edu,3
wsp.wharton.upenn.edu,knowledge.wharton.upenn.edu,1
wsp.wharton.upenn.edu,wharton.upenn.edu,2
yourimpact.upenn.edu,gse.upenn.edu,1
yourimpact.upenn.edu,penntoday.upenn.edu,1
yprize.upenn.edu,mackinstitute.wharton.upenn.edu,1
yprize.upenn.edu,pci.upenn.edu,1
yprize.upenn.edu,seas.upenn.edu,1
yprize.upenn.edu,venturelab.upenn.edu,1
